id_detalle,id_venta,id_producto,cantidad,precio_unitario
1,1001,107,1,119270
2,1001,114,3,15220
3,1002,126,1,14200
4,1002,132,1,14450
5,1002,118,1,65600
6,1003,154,1,3870
7,1003,121,1,10540
8,1003,126,1,14200
9,1004,114,1,15220
10,1004,145,1,54600
11,1004,125,2,10920
12,1005,135,2,32930
13,1005,152,1,33050
14,1005,151,2,5700
15,1006,132,1,13730
16,1007,128,1,6520
17,1008,122,1,4560
18,1008,114,1,15220
19,1008,147,3,63640
20,1009,135,1,32930
21,1009,109,4,117480
22,1009,127,1,4560
23,1010,126,1,12780
24,1011,127,1,4560
25,1012,153,1,46460
26,1012,101,1,29840
27,1013,132,1,14450
28,1013,129,1,25870
29,1014,158,1,25660
30,1015,121,1,10540
31,1015,148,1,42460
32,1015,154,2,3870
33,1015,101,1,29840
34,1016,107,1,132530
35,1016,143,2,26450
36,1016,126,3,14200
37,1016,134,3,28690
38,1017,125,3,10920
39,1017,158,2,25660
40,1017,139,1,17600
41,1017,152,2,36720
42,1018,134,1,28690
43,1019,156,1,21640
44,1019,128,2,6520
45,1019,103,2,115710
46,1020,126,2,13490
47,1020,145,1,51870
48,1020,105,3,137510
49,1020,138,2,24530
50,1021,145,1,54600
51,1021,141,1,56270
52,1021,106,1,128010
53,1022,147,1,63640
54,1022,128,1,6520
55,1023,108,1,27140
56,1023,136,2,21420
57,1023,115,2,23350
58,1024,122,1,4560
59,1024,128,2,6520
60,1025,137,2,12730
61,1025,144,1,38540
62,1026,127,2,4560
63,1027,157,1,9630
64,1027,101,1,29840
65,1027,107,2,132530
66,1027,114,2,15220
67,1027,156,2,22780
68,1028,112,1,26140
69,1028,137,1,12730
70,1028,149,6,63180
71,1029,158,1,25660
72,1029,105,1,123760
73,1030,156,1,22780
74,1030,126,4,14200
75,1030,143,1,26450
76,1030,127,2,4560
77,1031,121,2,10540
78,1031,107,1,132530
79,1031,128,1,6520
80,1031,117,3,27260
81,1032,126,2,14200
82,1032,114,3,15220
83,1033,121,1,10540
84,1033,128,1,6520
85,1033,143,1,26450
86,1034,132,3,14450
87,1034,111,1,18530
88,1035,117,2,24540
89,1035,114,2,15220
90,1035,152,2,34890
91,1035,148,1,42460
92,1036,153,1,46460
93,1036,129,1,25870
94,1037,107,3,125900
95,1037,128,2,6520
96,1038,158,2,23100
97,1038,139,1,17600
98,1039,152,4,36720
99,1039,111,1,18530
100,1039,117,1,27260
101,1040,125,2,10920
102,1040,133,3,48720
103,1041,152,3,36720
104,1042,126,1,14200
105,1042,101,2,29840
106,1043,126,5,14200
107,1043,114,3,15220
108,1043,152,1,36720
109,1044,122,1,4100
110,1044,131,2,31360
111,1045,132,2,14450
112,1046,119,2,24640
113,1046,121,2,10540
114,1047,157,1,9630
115,1047,152,3,34890
116,1047,134,1,28690
117,1048,117,3,27260
118,1048,136,4,21420
119,1048,118,1,65600
120,1049,137,1,12730
121,1049,156,1,22780
122,1050,129,2,24580
123,1050,101,1,29840
124,1051,124,1,3080
125,1051,114,1,14460
126,1052,152,4,36720
127,1052,121,1,10540
128,1053,141,2,56270
129,1054,135,1,32930
130,1054,129,3,25870
131,1054,126,1,14200
132,1055,101,1,28340
133,1055,151,1,5410
134,1055,152,2,36720
135,1056,128,3,6520
136,1057,115,3,23350
137,1057,143,2,26450
138,1058,147,2,63640
139,1058,134,1,25820
140,1058,139,2,17600
141,1059,118,5,65600
142,1059,135,5,32930
143,1059,111,1,16680
144,1060,108,2,27140
145,1060,126,2,14200
146,1060,121,4,10010
147,1061,104,3,153300
148,1061,126,1,14200
149,1061,112,2,24840
150,1061,152,1,36720
151,1062,114,3,15220
152,1062,125,2,10920
153,1063,107,1,119270
154,1063,126,1,14200
155,1064,101,1,29840
156,1064,148,2,42460
157,1065,141,2,56270
158,1066,126,4,14200
159,1066,142,1,35430
160,1067,127,2,4560
161,1067,106,3,128010
162,1067,126,8,14200
163,1068,107,1,132530
164,1068,155,1,57620
165,1068,126,1,14200
166,1069,156,1,22780
167,1069,126,1,14200
168,1069,103,1,109920
169,1070,146,2,40630
170,1071,127,2,4560
171,1071,122,1,4560
172,1071,126,3,14200
173,1071,125,1,10920
174,1072,106,2,128010
175,1072,129,1,25870
176,1073,132,3,14450
177,1074,126,1,14200
178,1075,103,3,115710
179,1076,122,1,4100
180,1076,143,1,26450
181,1077,126,1,14200
182,1077,106,2,128010
183,1078,128,2,6520
184,1078,127,2,4560
185,1079,106,2,128010
186,1079,148,2,42460
187,1079,127,1,4560
188,1079,126,1,14200
189,1079,139,1,17600
190,1080,144,1,38540
191,1081,101,6,29840
192,1081,104,1,153300
193,1081,121,1,10540
194,1082,141,3,56270
195,1082,117,7,27260
196,1082,127,3,4560
197,1083,115,1,22180
198,1083,121,1,10540
199,1083,132,2,14450
200,1084,131,2,28230
201,1084,119,1,24640
202,1085,125,2,10920
203,1085,156,3,22780
204,1086,135,1,32930
205,1086,102,2,95030
206,1086,126,2,14200
207,1086,119,1,24640
208,1087,107,2,132530
209,1087,121,1,10540
210,1088,142,1,35430
211,1089,123,2,6180
212,1089,129,1,25870
213,1089,128,1,6520
214,1090,121,1,10540
215,1090,109,3,117480
216,1090,123,3,6180
217,1090,141,1,56270
218,1091,105,2,137510
219,1091,143,1,26450
220,1092,148,1,42460
221,1092,119,2,24640
222,1092,125,2,10920
223,1092,121,3,10540
224,1093,115,2,23350
225,1093,103,4,109920
226,1094,138,1,24530
227,1094,156,4,22780
228,1094,121,3,10540
229,1095,132,4,14450
230,1095,105,1,137510
231,1096,119,7,24640
232,1096,126,4,14200
233,1096,145,1,54600
234,1097,123,4,6180
235,1097,159,1,7920
236,1098,107,2,132530
237,1098,143,1,26450
238,1098,126,1,14200
239,1098,141,2,56270
240,1099,112,2,26140
241,1100,156,2,22780
242,1100,124,1,2770
243,1101,111,4,18530
244,1101,152,2,36720
245,1101,107,2,132530
246,1101,101,1,28340
247,1102,132,1,13730
248,1102,134,3,28690
249,1102,129,1,25870
250,1103,125,1,10920
251,1103,108,4,27140
252,1104,138,1,24530
253,1104,112,3,26140
254,1104,114,2,15220
255,1104,108,2,27140
256,1105,156,2,20500
257,1105,127,3,4100
258,1105,126,1,14200
259,1106,128,1,6520
260,1106,126,1,14200
261,1107,125,2,9830
262,1108,125,1,10920
263,1108,138,2,24530
264,1108,105,1,137510
265,1109,154,3,3680
266,1110,141,1,53460
267,1110,156,1,22780
268,1110,145,4,54600
269,1111,108,3,27140
270,1111,128,1,6520
271,1111,101,7,29840
272,1111,114,1,15220
273,1112,107,2,132530
274,1112,109,3,117480
275,1113,101,1,29840
276,1114,125,1,10920
277,1114,123,2,6180
278,1114,104,6,145630
279,1115,101,3,29840
280,1115,152,1,36720
281,1116,109,2,117480
282,1116,139,1,17600
283,1117,129,1,25870
284,1118,122,1,4560
285,1119,127,2,4560
286,1119,118,2,59040
287,1119,107,2,132530
288,1119,143,1,26450
289,1120,121,4,10540
290,1121,107,1,132530
291,1121,129,2,25870
292,1121,126,5,14200
293,1122,148,1,42460
294,1123,124,7,3080
295,1124,135,2,32930
296,1124,101,1,28340
297,1124,114,2,15220
298,1125,101,2,29840
299,1125,113,2,64990
300,1125,121,3,10540
301,1126,121,2,10540
302,1126,148,2,42460
303,1127,127,2,4560
304,1128,154,1,3680
305,1128,121,3,10540
306,1129,123,2,6180
307,1129,132,1,14450
308,1130,126,1,12780
309,1130,114,3,15220
310,1130,125,8,10920
311,1130,157,1,9630
312,1131,153,1,46460
313,1131,119,4,24640
314,1131,121,8,10540
315,1132,126,2,13490
316,1132,101,1,29840
317,1132,156,1,22780
318,1133,135,2,32930
319,1133,112,1,23530
320,1133,113,1,64990
321,1133,118,2,65600
322,1134,114,1,15220
323,1134,103,2,104140
324,1134,135,1,32930
325,1135,154,1,3870
326,1135,134,1,28690
327,1135,141,2,53460
328,1135,125,1,10920
329,1135,121,1,10540
330,1136,107,1,132530
331,1136,154,3,3870
332,1136,118,1,62320
333,1137,125,2,10920
334,1137,108,3,27140
335,1138,121,1,10540
336,1138,138,2,24530
337,1138,149,1,63180
338,1139,129,2,25870
339,1139,147,1,63640
340,1139,124,1,3080
341,1140,125,4,9830
342,1140,129,2,25870
343,1140,152,2,33050
344,1141,151,1,5700
345,1141,154,2,3870
346,1141,155,1,57620
347,1142,121,1,10540
348,1142,131,4,31360
349,1143,105,1,137510
350,1143,101,1,29840
351,1144,102,1,95030
352,1144,143,1,26450
353,1145,123,1,6180
354,1146,127,3,4560
355,1146,138,4,24530
356,1146,125,1,10370
357,1146,109,4,117480
358,1147,107,2,132530
359,1147,151,1,5700
360,1147,152,1,36720
361,1148,125,8,10920
362,1149,114,2,15220
363,1149,127,1,4560
364,1149,125,2,10920
365,1149,134,2,28690
366,1149,122,3,4330
367,1150,137,2,12730
368,1150,141,3,56270
369,1150,142,8,35430
370,1151,126,2,14200
371,1151,144,7,38540
372,1151,124,1,3080
373,1152,109,1,117480
374,1152,102,1,95030
375,1152,159,3,7130
376,1152,148,3,42460
377,1152,136,1,21420
378,1153,147,5,63640
379,1153,114,3,15220
380,1153,109,1,117480
381,1153,128,2,6520
382,1154,132,7,14450
383,1154,152,1,36720
384,1155,121,1,10540
385,1155,145,1,54600
386,1155,146,8,40630
387,1156,121,1,10540
388,1156,129,3,25870
389,1157,141,2,56270
390,1157,117,1,27260
391,1157,118,2,65600
392,1157,148,1,38210
393,1158,151,1,5700
394,1158,101,1,29840
395,1159,101,3,29840
396,1160,152,1,36720
397,1160,156,2,22780
398,1160,132,2,14450
399,1160,139,3,17600
400,1160,107,1,132530
401,1161,154,1,3870
402,1162,104,4,153300
403,1162,146,1,40630
404,1162,123,1,6180
405,1162,121,2,10540
406,1163,138,2,24530
407,1163,156,3,22780
408,1163,143,3,26450
409,1163,106,2,128010
410,1164,132,3,14450
411,1165,125,2,10370
412,1165,152,2,36720
413,1165,145,1,49140
414,1166,122,1,4560
415,1166,152,4,36720
416,1166,121,1,10010
417,1166,149,3,63180
418,1167,112,6,26140
419,1167,101,2,29840
420,1168,128,1,5870
421,1168,152,1,36720
422,1168,125,4,10920
423,1169,128,1,5870
424,1169,144,2,34690
425,1169,114,3,13700
426,1169,103,1,115710
427,1170,107,1,132530
428,1170,135,2,32930
429,1170,138,2,24530
430,1171,121,1,10540
431,1171,157,1,9630
432,1171,113,1,64990
433,1171,102,2,95030
434,1172,123,3,5560
435,1173,111,1,18530
436,1173,105,2,137510
437,1173,141,2,56270
438,1174,156,4,22780
439,1174,132,1,13000
440,1174,101,4,29840
441,1174,114,3,15220
442,1175,126,1,12780
443,1175,125,4,10920
444,1175,141,2,53460
445,1176,119,2,22180
446,1176,125,1,10920
447,1176,121,1,10540
448,1177,143,1,26450
449,1177,129,2,25870
450,1178,106,1,128010
451,1178,144,1,38540
452,1178,152,1,36720
453,1178,122,2,4560
454,1179,113,3,64990
455,1179,107,1,132530
456,1179,143,2,26450
457,1179,102,1,95030
458,1180,152,4,36720
459,1180,105,1,137510
460,1180,151,1,5700
461,1181,132,1,14450
462,1181,154,5,3680
463,1182,144,1,38540
464,1182,126,1,14200
465,1183,105,2,137510
466,1184,114,4,14460
467,1184,123,1,6180
468,1185,132,1,14450
469,1185,158,3,25660
470,1186,143,2,26450
471,1186,101,2,29840
472,1186,135,2,32930
473,1187,143,1,26450
474,1188,127,1,4330
475,1188,155,2,51860
476,1188,122,1,4560
477,1188,102,2,95030
478,1189,152,2,36720
479,1190,121,1,10010
480,1190,154,1,3870
481,1191,107,1,132530
482,1191,143,4,26450
483,1191,141,1,56270
484,1192,126,4,13490
485,1192,105,1,137510
486,1192,154,4,3680
487,1193,157,2,9630
488,1193,128,3,6520
489,1193,107,2,132530
490,1193,122,2,4560
491,1194,129,1,25870
492,1194,142,2,35430
493,1195,113,4,64990
494,1196,101,3,29840
495,1196,121,4,10540
496,1196,126,2,14200
497,1197,111,1,18530
498,1197,101,7,29840
499,1197,121,1,10540
500,1197,107,1,125900
501,1198,145,1,54600
502,1198,156,2,22780
503,1199,115,4,23350
504,1199,153,2,46460
505,1199,157,1,9630
506,1200,101,1,29840
507,1200,142,2,35430
508,1200,107,2,132530
509,1200,103,1,115710
510,1201,141,2,56270
511,1201,156,7,22780
512,1201,158,1,25660
513,1201,121,7,10540
514,1202,158,1,25660
515,1203,124,4,3080
516,1203,159,1,7920
517,1203,146,1,40630
518,1203,114,4,14460
519,1204,103,1,115710
520,1204,123,2,6180
521,1205,107,1,132530
522,1205,123,1,6180
523,1206,125,7,10920
524,1206,101,2,29840
525,1207,138,3,24530
526,1207,114,7,15220
527,1208,157,1,9630
528,1209,124,1,3080
529,1209,112,7,26140
530,1209,142,7,35430
531,1209,158,1,24380
532,1210,123,3,6180
533,1210,154,1,3480
534,1210,119,3,24640
535,1210,114,1,15220
536,1211,141,1,56270
537,1211,104,1,153300
538,1211,128,1,6520
539,1212,109,3,117480
540,1212,107,2,132530
541,1212,154,1,3480
542,1213,156,1,22780
543,1213,125,2,10920
544,1214,119,3,24640
545,1214,143,1,26450
546,1214,101,2,29840
547,1214,151,2,5700
548,1215,101,1,28340
549,1215,107,7,132530
550,1215,148,2,42460
551,1216,108,1,25790
552,1216,154,1,3870
553,1217,126,1,14200
554,1217,143,6,26450
555,1217,109,1,117480
556,1218,101,3,29840
557,1218,143,2,26450
558,1219,139,3,17600
559,1220,123,2,6180
560,1220,126,2,14200
561,1221,121,1,10540
562,1221,114,1,15220
563,1222,141,4,56270
564,1222,151,3,5700
565,1222,109,1,111610
566,1223,139,2,16720
567,1223,121,2,9490
568,1224,102,2,95030
569,1224,158,3,25660
570,1225,114,2,15220
571,1225,143,2,26450
572,1225,128,1,6520
573,1225,112,1,26140
574,1226,134,1,25820
575,1226,106,1,128010
576,1227,107,1,125900
577,1228,146,3,40630
578,1228,108,1,27140
579,1228,137,1,12730
580,1228,125,1,10370
581,1228,113,1,64990
582,1229,117,2,27260
583,1229,121,2,10540
584,1229,145,7,54600
585,1229,129,2,25870
586,1230,158,1,24380
587,1231,121,7,10540
588,1231,144,4,38540
589,1232,101,2,29840
590,1232,114,1,15220
591,1232,115,8,23350
592,1232,121,1,10540
593,1233,129,3,23280
594,1233,158,2,25660
595,1233,121,2,10540
596,1233,122,1,4560
597,1234,146,2,40630
598,1235,101,2,26850
599,1235,159,1,7920
600,1235,124,1,3080
601,1236,103,1,115710
602,1236,149,2,63180
603,1236,126,3,14200
604,1236,115,1,23350
605,1237,138,1,24530
606,1237,148,3,42460
607,1238,156,1,22780
608,1238,142,2,35430
609,1238,102,3,95030
610,1239,135,1,32930
611,1239,152,1,36720
612,1240,107,1,132530
613,1240,101,1,28340
614,1240,148,1,42460
615,1240,121,1,9490
616,1240,127,1,4330
617,1241,153,1,46460
618,1241,138,1,24530
619,1242,126,2,14200
620,1242,105,2,137510
621,1242,141,3,56270
622,1242,131,2,31360
623,1243,109,1,117480
624,1243,105,1,137510
625,1244,142,1,35430
626,1244,105,2,137510
627,1245,125,3,9830
628,1245,121,2,10540
629,1245,114,1,15220
630,1246,121,1,10540
631,1246,148,4,42460
632,1246,105,3,137510
633,1246,152,3,36720
634,1247,135,1,29640
635,1247,152,4,36720
636,1248,122,3,4560
637,1248,151,2,5700
638,1249,121,2,10540
639,1249,134,5,28690
640,1250,107,2,119270
641,1251,136,1,23180
642,1251,121,3,11530
643,1252,152,1,39280
644,1252,141,1,61570
645,1253,151,1,6360
646,1254,111,3,20710
647,1254,153,3,49660
648,1255,136,2,23180
649,1255,155,1,65170
650,1255,158,1,27730
651,1256,107,2,131760
652,1256,143,3,28880
653,1256,125,1,12090
654,1256,156,2,24660
655,1257,118,1,70880
656,1257,142,3,38730
657,1257,125,1,10880
658,1257,124,4,3220
659,1258,114,1,16260
660,1259,104,6,160260
661,1259,129,2,27340
662,1260,148,8,44900
663,1260,143,1,28880
664,1260,151,2,6360
665,1261,126,1,15700
666,1261,156,1,22190
667,1262,158,1,27730
668,1262,126,3,15700
669,1263,151,1,6360
670,1263,156,4,24660
671,1263,126,2,15700
672,1264,112,1,27970
673,1264,102,3,103870
674,1264,114,4,16260
675,1265,125,1,12090
676,1265,107,1,146400
677,1266,145,2,60450
678,1266,151,1,6360
679,1267,111,1,19670
680,1267,156,5,24660
681,1268,134,3,30640
682,1268,156,4,24660
683,1268,148,5,44900
684,1268,107,1,146400
685,1269,144,1,38280
686,1269,157,1,9900
687,1270,105,2,152240
688,1270,116,6,17300
689,1271,146,1,44930
690,1271,117,3,29480
691,1271,144,1,40300
692,1272,152,3,39280
693,1272,126,1,15700
694,1273,151,1,6050
695,1273,132,2,15460
696,1274,143,2,27440
697,1274,156,3,24660
698,1275,107,2,146400
699,1275,108,5,28700
700,1275,156,2,24660
701,1276,125,2,12090
702,1276,143,8,28880
703,1276,152,1,37320
704,1277,121,1,11530
705,1277,143,1,27440
706,1277,146,1,44930
707,1277,125,5,11490
708,1278,125,2,12090
709,1278,122,3,4980
710,1279,141,1,61570
711,1279,157,3,10420
712,1279,136,1,23180
713,1280,107,2,139080
714,1280,117,1,26530
715,1280,152,1,39280
716,1281,101,3,32640
717,1281,125,1,12090
718,1281,115,1,26410
719,1282,129,4,25970
720,1283,126,1,15700
721,1283,133,1,52080
722,1283,135,3,37240
723,1283,142,1,38730
724,1284,121,7,11530
725,1284,143,1,28880
726,1285,129,1,27340
727,1285,141,1,61570
728,1285,156,2,24660
729,1285,151,4,6360
730,1286,114,1,16260
731,1287,111,2,20710
732,1287,108,1,28700
733,1288,159,2,8550
734,1288,122,2,4980
735,1289,121,1,11530
736,1290,126,2,15700
737,1290,159,3,8550
738,1291,152,8,39280
739,1291,132,2,15460
740,1291,106,2,141560
741,1292,106,1,141560
742,1292,131,2,35060
743,1292,126,1,15700
744,1293,108,1,28700
745,1293,123,2,6410
746,1294,121,1,11530
747,1294,128,2,6900
748,1295,143,1,28880
749,1296,125,3,12090
750,1296,124,1,3220
751,1297,101,1,32640
752,1297,148,1,40410
753,1298,136,2,23180
754,1298,135,1,37240
755,1298,154,2,4140
756,1298,102,3,98680
757,1299,154,1,4140
758,1299,134,2,30640
759,1300,125,2,12090
760,1300,121,1,11530
761,1301,124,2,3220
762,1301,143,2,28880
763,1302,121,1,11530
764,1303,128,1,6900
765,1303,116,2,17300
766,1304,117,2,29480
767,1304,127,2,4780
768,1305,158,2,27730
769,1305,147,2,70300
770,1306,122,2,4980
771,1307,138,1,26510
772,1307,143,3,28880
773,1308,106,1,127410
774,1308,142,1,38730
775,1309,127,2,5040
776,1310,117,1,29480
777,1310,126,1,15700
778,1310,125,1,12090
779,1310,124,1,3220
780,1311,126,1,15700
781,1311,144,1,40300
782,1312,131,1,35060
783,1312,101,1,32640
784,1313,107,7,146400
785,1313,134,3,30640
786,1314,107,2,146400
787,1314,123,2,6750
788,1314,153,2,49660
789,1315,126,1,15700
790,1315,125,2,12090
791,1316,124,4,3220
792,1316,114,2,16260
793,1316,125,2,12090
794,1317,143,2,28880
795,1317,127,2,4530
796,1318,144,4,40300
797,1318,126,3,15700
798,1318,101,1,32640
799,1318,141,2,61570
800,1319,156,1,24660
801,1319,121,1,11530
802,1320,127,1,5040
803,1320,117,1,29480
804,1320,109,2,124160
805,1321,106,3,141560
806,1322,156,2,24660
807,1322,152,2,39280
808,1322,102,1,103870
809,1323,103,3,113720
810,1323,101,2,32640
811,1324,119,1,26600
812,1325,112,4,27970
813,1325,157,1,10420
814,1326,125,3,12090
815,1326,101,1,32640
816,1327,126,1,15700
817,1327,134,2,27580
818,1327,152,1,39280
819,1328,107,1,146400
820,1328,129,1,27340
821,1329,121,2,11530
822,1330,114,2,14640
823,1330,158,1,27730
824,1330,121,2,11530
825,1331,154,2,4140
826,1331,141,1,61570
827,1331,144,2,40300
828,1332,151,2,6360
829,1332,152,8,39280
830,1332,121,1,11530
831,1333,145,3,60450
832,1333,138,1,26510
833,1333,142,1,38730
834,1334,142,1,38730
835,1334,132,1,15460
836,1334,101,2,32640
837,1334,159,2,8550
838,1335,107,1,146400
839,1335,156,7,24660
840,1335,151,1,6360
841,1335,152,2,39280
842,1336,121,2,11530
843,1336,152,1,39280
844,1336,124,8,3220
845,1337,121,3,11530
846,1337,125,2,12090
847,1337,119,1,26600
848,1338,103,7,126350
849,1338,135,1,37240
850,1338,101,3,32640
851,1338,125,1,12090
852,1339,125,1,12090
853,1339,105,1,152240
854,1340,142,1,38730
855,1341,102,1,98680
856,1341,134,2,30640
857,1341,125,2,12090
858,1342,125,2,10880
859,1342,126,1,15700
860,1343,106,2,141560
861,1343,132,1,15460
862,1343,103,1,126350
863,1343,148,1,44900
864,1344,157,2,10420
865,1344,143,1,28880
866,1344,118,6,63790
867,1345,124,2,3220
868,1345,111,2,20710
869,1345,112,1,27970
870,1346,157,2,9370
871,1346,132,2,15460
872,1346,124,1,3220
873,1346,108,3,28700
874,1347,122,7,4480
875,1347,124,1,3220
876,1347,152,1,39280
877,1347,101,1,32640
878,1348,115,1,26410
879,1348,109,1,124160
880,1348,152,2,39280
881,1349,121,1,11530
882,1349,112,2,27970
883,1349,126,2,14130
884,1350,148,1,44900
885,1350,111,1,18640
886,1351,152,2,39280
887,1351,117,2,29480
888,1351,107,2,146400
889,1352,147,1,70300
890,1352,132,1,15460
891,1353,109,1,124160
892,1353,143,2,28880
893,1353,126,3,15700
894,1353,125,1,12090
895,1354,122,2,4980
896,1354,108,1,27270
897,1354,152,1,39280
898,1354,114,1,16260
899,1355,109,1,124160
900,1355,114,2,16260
901,1355,138,1,23860
902,1356,127,1,5040
903,1356,121,3,11530
904,1357,132,2,15460
905,1357,107,1,146400
906,1357,152,4,39280
907,1358,145,3,60450
908,1358,101,1,32640
909,1358,137,2,13760
910,1358,159,1,7700
911,1359,125,3,10880
912,1359,156,1,24660
913,1359,122,7,4980
914,1360,124,1,3220
915,1360,141,1,61570
916,1360,123,2,6750
917,1360,147,3,70300
918,1360,127,1,5040
919,1361,111,3,18640
920,1361,106,1,141560
921,1361,129,1,27340
922,1362,156,1,24660
923,1362,122,7,4980
924,1362,111,1,19670
925,1362,117,1,29480
926,1363,152,1,39280
927,1363,107,2,146400
928,1364,129,6,27340
929,1364,126,2,15700
930,1364,143,2,28880
931,1364,114,1,15450
932,1365,121,3,11530
933,1365,152,2,39280
934,1365,145,2,60450
935,1365,123,2,6070
936,1366,117,3,29480
937,1366,135,1,37240
938,1367,159,4,7700
939,1368,126,1,15700
940,1368,147,5,66780
941,1369,122,1,4480
942,1369,144,1,40300
943,1370,125,1,12090
944,1371,143,1,28880
945,1371,124,1,3220
946,1371,125,1,12090
947,1372,101,3,32640
948,1372,119,1,26600
949,1372,125,2,12090
950,1372,112,2,27970
951,1373,132,3,15460
952,1373,102,5,103870
953,1373,122,1,4980
954,1373,112,3,27970
955,1374,152,1,39280
956,1374,108,1,28700
957,1374,109,3,124160
958,1375,114,1,16260
959,1375,122,1,4980
960,1375,108,1,25830
961,1376,124,2,3220
962,1376,146,2,44930
963,1376,126,1,15700
964,1377,123,1,6750
965,1377,156,2,24660
966,1378,138,8,26510
967,1378,103,1,126350
968,1379,159,1,8550
969,1379,114,2,15450
970,1379,134,1,30640
971,1380,135,1,37240
972,1380,114,1,16260
973,1380,143,8,28880
974,1381,118,2,70880
975,1381,101,1,32640
976,1381,152,2,39280
977,1381,121,1,10960
978,1382,103,1,126350
979,1382,112,3,27970
980,1382,136,2,23180
981,1382,107,1,146400
982,1383,114,2,16260
983,1383,121,1,11530
984,1384,123,1,6750
985,1385,143,2,27440
986,1385,146,1,44930
987,1386,119,1,26600
988,1386,127,2,5040
989,1386,128,2,6900
990,1387,156,7,24660
991,1388,156,1,24660
992,1388,154,1,3720
993,1388,158,2,27730
994,1389,125,2,12090
995,1389,114,2,16260
996,1390,136,1,23180
997,1390,156,2,24660
998,1390,142,1,38730
999,1391,141,2,61570
1000,1392,152,5,39280
1001,1393,156,3,24660
1002,1393,122,1,4980
1003,1394,115,2,26410
1004,1394,121,1,11530
1005,1395,143,1,28880
1006,1395,105,3,152240
1007,1395,134,4,30640
1008,1396,101,2,32640
1009,1396,107,1,146400
1010,1397,142,1,38730
1011,1398,125,6,12090
1012,1398,151,4,6360
1013,1398,109,3,111740
1014,1399,105,1,137020
1015,1400,129,1,24610
1016,1400,125,2,10880
1017,1401,126,4,15700
1018,1401,101,1,32640
1019,1402,125,4,12090
1020,1402,121,1,11530
1021,1402,154,1,4140
1022,1402,159,2,8550
1023,1403,107,3,146400
1024,1403,134,2,30640
1025,1403,153,1,49660
1026,1403,119,3,25270
1027,1404,153,2,49660
1028,1405,114,1,16260
1029,1405,126,1,15700
1030,1405,145,1,60450
1031,1406,132,3,15460
1032,1406,143,1,28880
1033,1407,105,4,152240
1034,1407,152,4,39280
1035,1408,127,2,4530
1036,1408,114,3,16260
1037,1408,108,1,28700
1038,1409,125,2,12090
1039,1409,155,2,65170
1040,1409,107,2,146400
1041,1410,136,2,23180
1042,1410,122,2,4980
1043,1411,149,2,66770
1044,1411,114,1,16260
1045,1411,107,4,146400
1046,1411,105,5,152240
1047,1412,111,2,20710
1048,1412,123,1,6750
1049,1413,129,3,27340
1050,1413,106,2,141560
1051,1413,101,2,32640
1052,1413,152,1,39280
1053,1414,126,3,15700
1054,1414,143,1,28880
1055,1415,157,2,10420
1056,1415,102,1,103870
1057,1415,148,2,44900
1058,1416,143,3,28880
1059,1416,118,8,70880
1060,1417,139,2,19000
1061,1417,159,1,8550
1062,1417,144,1,40300
1063,1418,129,2,27340
1064,1418,149,1,66770
1065,1419,118,2,70880
1066,1419,107,5,146400
1067,1420,159,1,8550
1068,1420,107,1,146400
1069,1421,109,4,124160
1070,1421,102,1,103870
1071,1421,158,2,27730
1072,1421,136,1,23180
1073,1422,147,2,70300
1074,1422,139,1,19000
1075,1422,146,1,44930
1076,1423,126,2,15700
1077,1423,101,2,32640
1078,1424,126,1,15700
1079,1424,141,1,61570
1080,1424,124,8,2900
1081,1424,134,1,30640
1082,1425,107,1,131760
1083,1425,152,1,39280
1084,1425,142,1,38730
1085,1425,101,4,32640
1086,1426,158,1,27730
1087,1426,139,1,19000
1088,1427,107,1,146400
1089,1428,159,2,8550
1090,1428,134,5,30640
1091,1429,121,1,11530
1092,1429,152,2,37320
1093,1429,157,2,10420
1094,1430,125,4,12090
1095,1430,156,2,24660
1096,1431,137,2,13760
1097,1431,139,1,19000
1098,1431,143,4,28880
1099,1431,128,2,6900
1100,1432,125,1,12090
1101,1432,121,1,11530
1102,1432,105,4,152240
1103,1432,156,2,24660
1104,1433,134,1,30640
1105,1434,132,1,14680
1106,1434,118,1,70880
1107,1435,144,3,40300
1108,1435,157,1,10420
1109,1435,127,1,5040
1110,1436,144,1,40300
1111,1436,102,1,103870
1112,1436,143,2,28880
1113,1436,158,4,27730
1114,1437,149,4,66770
1115,1437,121,1,10380
1116,1438,156,2,24660
1117,1438,108,4,28700
1118,1438,102,2,103870
1119,1439,127,1,5040
1120,1439,159,2,8550
1121,1439,152,2,39280
1122,1440,144,2,40300
1123,1440,156,4,24660
1124,1440,147,2,70300
1125,1441,105,4,152240
1126,1441,152,1,35360
1127,1442,151,1,6050
1128,1442,152,1,39280
1129,1442,148,3,42650
1130,1442,117,3,26530
1131,1443,136,6,23180
1132,1443,121,8,11530
1133,1443,123,2,6750
1134,1444,107,2,146400
1135,1444,126,1,15700
1136,1445,111,1,20710
1137,1445,149,1,66770
1138,1446,122,1,4980
1139,1447,101,3,32640
1140,1447,125,1,12090
1141,1448,117,2,29480
1142,1448,125,3,12090
1143,1448,132,3,15460
1144,1449,107,1,146400
1145,1450,126,4,15700
1146,1450,146,1,44930
1147,1450,114,1,16260
1148,1450,143,1,28880
1149,1451,152,1,39280
1150,1451,159,2,8550
1151,1451,114,4,16260
1152,1452,138,1,26510
1153,1452,114,1,16260
1154,1453,106,1,141560
1155,1453,102,1,103870
1156,1454,126,1,15700
1157,1454,141,1,55410
1158,1454,118,7,70880
1159,1455,126,4,15700
1160,1455,156,1,22190
1161,1455,106,2,141560
1162,1456,146,1,44930
1163,1456,127,1,5040
1164,1456,122,2,4980
1165,1457,141,2,61570
1166,1458,104,2,160260
1167,1458,129,2,24610
1168,1459,125,2,12090
1169,1459,143,1,28880
1170,1460,137,1,13760
1171,1460,107,2,146400
1172,1461,118,4,70880
1173,1461,157,1,10420
1174,1461,119,1,26600
1175,1461,156,2,24660
1176,1462,135,2,35380
1177,1462,114,2,16260
1178,1462,101,1,32640
1179,1463,107,2,146400
1180,1463,116,1,17300
1181,1463,129,6,27340
1182,1464,114,4,16260
1183,1464,107,3,146400
1184,1464,142,3,38730
1185,1465,158,7,27730
1186,1465,136,1,23180
1187,1466,128,1,6900
1188,1466,158,2,27730
1189,1466,146,2,44930
1190,1467,114,2,16260
1191,1468,145,1,60450
1192,1468,108,1,28700
1193,1468,114,1,16260
1194,1469,143,1,28880
1195,1469,136,1,20870
1196,1469,101,2,32640
1197,1470,143,2,25990
1198,1471,123,2,6070
1199,1471,101,1,32640
1200,1471,152,2,35360
1201,1472,128,1,6900
1202,1472,151,3,6360
1203,1472,152,1,39280
1204,1473,117,7,28010
1205,1473,129,3,25970
1206,1473,101,1,32640
1207,1474,156,2,24660
1208,1475,154,1,4140
1209,1475,126,1,15700
1210,1476,122,1,4980
1211,1476,156,1,24660
1212,1476,105,2,152240
1213,1476,101,1,32640
1214,1477,123,2,6750
1215,1477,117,4,29480
1216,1478,108,4,28700
1217,1478,109,1,124160
1218,1478,126,1,15700
1219,1479,146,4,44930
1220,1479,121,1,11530
1221,1479,127,1,5040
1222,1480,128,1,6900
1223,1480,126,2,15700
1224,1480,131,1,35060
1225,1481,114,1,16260
1226,1481,152,3,39280
1227,1482,152,1,39280
1228,1482,144,3,40300
1229,1483,114,1,16260
1230,1483,116,2,17300
1231,1484,123,1,6750
1232,1484,101,1,32640
1233,1484,107,1,146400
1234,1485,123,2,6750
1235,1485,145,2,60450
1236,1485,125,1,10880
1237,1486,152,1,39280
1238,1486,101,3,32640
1239,1486,143,3,28880
1240,1487,143,1,28880
1241,1488,126,1,15700
1242,1488,158,1,27730
1243,1489,127,1,5040
1244,1489,151,1,6360
1245,1489,147,1,63270
1246,1490,121,1,10380
1247,1490,146,2,44930
1248,1490,117,2,28010
1249,1491,103,1,120030
1250,1491,128,7,6900
1251,1491,101,2,32640
1252,1491,159,1,8550
1253,1492,139,2,19000
1254,1492,118,1,70880
1255,1493,125,2,10880
1256,1493,152,1,39280
1257,1493,101,1,32640
1258,1494,159,2,8550
1259,1494,125,1,12090
1260,1494,158,4,26340
1261,1495,111,4,20710
1262,1495,159,1,8120
1263,1496,127,1,4780
1264,1496,157,1,9900
1265,1497,121,1,11530
1266,1497,102,2,103870
1267,1498,156,1,24660
1268,1498,154,1,4140
1269,1498,158,1,26340
1270,1498,125,1,12090
1271,1498,117,2,29480
1272,1499,143,1,28880
1273,1499,111,1,20710
1274,1500,102,2,103870
1275,1500,122,1,4980
1276,1500,125,3,12090
1277,1500,105,1,152240
1278,1501,159,1,8550
1279,1501,125,6,12090
1280,1502,107,2,139080
1281,1502,113,4,69470
1282,1502,129,1,27340
1283,1503,123,1,6410
1284,1503,112,2,27970
1285,1503,107,3,139080
1286,1504,119,1,26600
1287,1504,144,2,40300
1288,1505,142,1,34860
1289,1505,121,2,11530
1290,1506,118,2,70880
1291,1506,159,1,8550
1292,1506,156,1,24660
1293,1507,122,1,4980
1294,1507,126,1,15700
1295,1507,101,1,32640
1296,1507,125,1,12090
1297,1508,156,1,24660
1298,1508,158,3,27730
1299,1508,126,1,15700
1300,1508,101,2,32640
1301,1509,144,2,40300
1302,1509,105,3,152240
1303,1509,107,1,146400
1304,1509,125,3,12090
1305,1510,147,1,70300
1306,1510,105,3,144630
1307,1510,136,3,23180
1308,1511,152,1,39280
1309,1511,108,1,28700
1310,1511,143,3,28880
1311,1512,146,2,44930
1312,1512,121,1,11530
1313,1512,156,2,23420
1314,1513,101,2,32640
1315,1513,103,1,126350
1316,1513,147,2,70300
1317,1514,133,1,52080
1318,1514,121,2,11530
1319,1514,101,1,32640
1320,1515,143,2,28880
1321,1515,106,1,141560
1322,1515,105,1,137020
1323,1515,128,5,6900
1324,1516,101,2,32640
1325,1516,143,2,28880
1326,1517,107,1,146400
1327,1517,152,5,39280
1328,1517,143,2,28880
1329,1518,105,2,144630
1330,1519,114,1,16260
1331,1520,154,1,4140
1332,1520,108,1,28700
1333,1520,104,2,160260
1334,1521,107,2,146400
1335,1521,119,1,26600
1336,1522,121,1,11530
1337,1522,159,1,8550
1338,1523,126,1,15700
1339,1523,125,6,12090
1340,1523,146,3,44930
1341,1524,125,1,12090
1342,1525,114,2,16260
1343,1525,144,1,40300
1344,1526,153,1,49660
1345,1526,114,1,16260
1346,1526,122,2,4980
1347,1526,131,2,35060
1348,1527,128,2,6210
1349,1528,153,2,49660
1350,1528,156,2,24660
1351,1528,111,3,20710
1352,1529,107,1,146400
1353,1529,114,5,16260
1354,1529,112,2,27970
1355,1530,111,1,20710
1356,1530,102,4,103870
1357,1530,115,2,26410
1358,1531,141,8,61570
1359,1531,123,1,6750
1360,1531,148,1,44900
1361,1531,107,1,146400
1362,1532,152,1,39280
1363,1532,159,1,8550
1364,1532,154,1,4140
1365,1532,114,1,16260
1366,1533,122,2,4980
1367,1533,128,1,6900
1368,1534,157,1,10420
1369,1535,101,5,32640
1370,1535,105,2,152240
1371,1536,103,3,126350
1372,1536,143,5,28880
1373,1537,146,2,44930
1374,1537,105,1,152240
1375,1537,156,1,24660
1376,1537,102,3,103870
1377,1538,122,2,4980
1378,1538,125,1,12090
1379,1538,105,1,152240
1380,1539,103,3,126350
1381,1540,143,1,25990
1382,1540,108,1,28700
1383,1540,102,3,103870
1384,1541,126,2,15700
1385,1541,115,1,26410
1386,1542,155,2,65170
1387,1542,121,1,11530
1388,1543,141,1,61570
1389,1543,156,1,23420
1390,1544,107,1,146400
1391,1544,101,1,32640
1392,1545,107,1,146400
1393,1545,126,2,15700
1394,1546,123,1,6750
1395,1546,114,2,16260
1396,1546,124,1,3060
1397,1546,134,2,30640
1398,1547,152,1,39280
1399,1548,109,2,124160
1400,1549,107,2,146400
1401,1549,112,6,27970
1402,1550,142,1,38730
1403,1550,125,1,12090
1404,1550,114,1,16260
1405,1551,121,1,11160
1406,1552,134,1,32600
1407,1552,157,4,11200
1408,1552,131,1,36900
1409,1552,126,1,16700
1410,1553,125,1,13000
1411,1553,145,7,65000
1412,1553,159,2,9000
1413,1554,152,2,42700
1414,1554,148,1,48800
1415,1554,125,1,12350
1416,1555,122,4,5300
1417,1555,145,3,65000
1418,1556,154,2,4400
1419,1556,125,1,13000
1420,1556,157,1,11200
1421,1556,128,2,7500
1422,1557,125,1,13000
1423,1557,157,2,11200
1424,1558,108,1,31200
1425,1558,157,5,11200
1426,1558,136,1,25200
1427,1558,141,7,66200
1428,1559,101,1,35100
1429,1560,152,2,42700
1430,1561,105,4,163700
1431,1562,133,3,56000
1432,1562,105,4,155520
1433,1562,114,2,17300
1434,1562,126,3,16700
1435,1563,107,1,154100
1436,1563,146,1,47800
1437,1564,126,2,16700
1438,1565,106,2,150600
1439,1565,128,1,7500
1440,1565,143,3,28880
1441,1566,105,2,163700
1442,1566,108,2,31200
1443,1567,153,2,53400
1444,1567,102,2,110500
1445,1567,152,1,42700
1446,1568,107,2,154100
1447,1568,135,2,39200
1448,1568,151,2,6700
1449,1569,129,1,29400
1450,1570,138,2,28200
1451,1570,108,2,31200
1452,1571,103,1,119700
1453,1571,109,1,120150
1454,1571,153,1,53400
1455,1572,114,2,17300
1456,1572,152,1,42700
1457,1573,101,2,35100
1458,1573,111,1,21800
1459,1573,145,2,65000
1460,1574,117,1,31700
1461,1574,123,1,7100
1462,1575,123,1,7100
1463,1576,137,3,14800
1464,1577,107,1,154100
1465,1577,154,3,4400
1466,1578,154,1,4400
1467,1578,126,1,16700
1468,1578,125,2,13000
1469,1579,156,1,26800
1470,1579,103,1,133000
1471,1580,126,2,16700
1472,1580,139,3,18000
1473,1580,114,1,15570
1474,1581,126,2,16700
1475,1581,142,1,41200
1476,1581,119,1,28000
1477,1582,156,5,26800
1478,1582,103,2,119700
1479,1582,114,2,17300
1480,1583,159,1,9000
1481,1583,128,1,7500
1482,1584,151,2,6700
1483,1584,148,3,48800
1484,1584,111,1,21800
1485,1585,103,2,133000
1486,1585,112,2,30400
1487,1585,143,2,30400
1488,1586,107,1,146400
1489,1586,103,1,126350
1490,1586,125,7,13000
1491,1587,114,3,17300
1492,1587,143,2,30400
1493,1588,156,1,26800
1494,1588,125,1,13000
1495,1589,115,7,27800
1496,1590,112,6,30400
1497,1590,154,3,4400
1498,1591,153,4,53400
1499,1591,114,2,15570
1500,1592,156,2,25460
1501,1593,156,5,26800
1502,1593,117,1,31700
1503,1594,146,6,47800
1504,1594,153,2,53400
1505,1594,114,1,17300
1506,1594,156,1,26800
1507,1595,107,4,154100
1508,1595,126,1,15030
1509,1596,106,3,150600
1510,1596,101,5,35100
1511,1596,125,1,12350
1512,1597,111,1,21800
1513,1597,102,1,110500
1514,1597,122,1,5300
1515,1598,126,3,16700
1516,1598,143,4,30400
1517,1599,119,1,28000
1518,1599,136,1,25200
1519,1600,141,1,66200
1520,1601,107,2,154100
1521,1601,158,3,29500
1522,1602,158,1,28020
1523,1602,139,1,20000
1524,1603,121,8,12400
1525,1603,157,1,10080
1526,1604,123,2,6740
1527,1604,137,3,14800
1528,1605,121,1,12400
1529,1605,152,3,42700
1530,1605,114,2,17300
1531,1605,143,4,30400
1532,1606,119,1,28000
1533,1606,159,1,9000
1534,1607,126,3,16700
1535,1607,159,1,9000
1536,1608,145,7,65000
1537,1608,119,2,28000
1538,1608,131,1,36900
1539,1609,121,1,12400
1540,1609,115,1,27800
1541,1609,109,1,133500
1542,1610,118,1,75400
1543,1610,134,1,32600
1544,1611,107,1,138690
1545,1611,136,2,25200
1546,1611,111,2,21800
1547,1612,156,3,26800
1548,1612,159,6,9000
1549,1612,157,1,11200
1550,1612,101,1,35100
1551,1613,151,3,6700
1552,1613,125,2,13000
1553,1614,125,1,11700
1554,1614,138,1,28200
1555,1614,126,2,16700
1556,1614,158,2,29500
1557,1615,114,6,17300
1558,1615,152,1,38430
1559,1616,129,2,29400
1560,1616,159,3,9000
1561,1617,134,2,32600
1562,1617,137,2,14800
1563,1617,126,1,16700
1564,1617,119,1,28000
1565,1618,125,1,13000
1566,1618,105,2,163700
1567,1618,132,4,16800
1568,1619,115,2,27800
1569,1619,155,1,68600
1570,1619,138,1,28200
1571,1620,153,1,53400
1572,1620,112,2,30400
1573,1621,126,1,16700
1574,1621,106,2,150600
1575,1621,153,1,53400
1576,1622,141,1,66200
1577,1623,151,2,6360
1578,1623,121,3,12400
1579,1623,135,1,39200
1580,1624,141,3,66200
1581,1624,143,1,30400
1582,1624,139,1,20000
1583,1625,111,2,21800
1584,1625,143,1,30400
1585,1626,127,1,5300
1586,1626,126,4,15030
1587,1627,125,1,13000
1588,1627,117,1,31700
1589,1627,153,3,53400
1590,1628,134,1,32600
1591,1629,106,2,135540
1592,1629,129,5,29400
1593,1629,126,4,16700
1594,1630,125,3,13000
1595,1630,107,1,154100
1596,1631,126,1,16700
1597,1632,138,2,28200
1598,1632,157,1,11200
1599,1633,125,1,12350
1600,1633,143,2,30400
1601,1633,137,4,14800
1602,1633,103,2,133000
1603,1633,138,1,28200
1604,1634,126,1,16700
1605,1635,135,1,39200
1606,1635,105,2,163700
1607,1635,127,7,5300
1608,1636,135,1,39200
1609,1637,156,3,26800
1610,1637,152,2,42700
1611,1638,128,3,7500
1612,1638,119,1,28000
1613,1638,114,1,17300
1614,1639,137,1,14800
1615,1639,121,3,12400
1616,1640,138,3,28200
1617,1640,101,1,35100
1618,1640,119,3,28000
1619,1641,117,1,31700
1620,1641,102,8,110500
1621,1642,131,1,36900
1622,1643,156,1,26800
1623,1643,132,1,16800
1624,1643,121,2,12400
1625,1644,136,1,25200
1626,1644,126,1,16700
1627,1644,121,1,12400
1628,1645,143,1,27360
1629,1646,126,7,16700
1630,1646,148,2,48800
1631,1647,117,1,31700
1632,1647,107,1,146400
1633,1647,148,6,46360
1634,1648,112,1,30400
1635,1648,133,7,56000
1636,1649,106,1,150600
1637,1649,158,1,29500
1638,1650,118,2,75400
1639,1651,159,1,9000
1640,1651,143,6,30400
1641,1651,156,1,26800
1642,1651,141,2,59580
1643,1652,113,1,74700
1644,1652,156,2,26800
1645,1653,145,2,65000
1646,1653,102,8,110500
1647,1653,126,1,16700
1648,1654,126,1,16700
1649,1654,125,2,13000
1650,1655,143,1,30400
1651,1655,156,5,26800
1652,1656,125,8,13000
1653,1656,158,2,29500
1654,1657,153,1,50730
1655,1658,143,1,30400
1656,1659,154,1,4400
1657,1659,128,4,7500
1658,1660,132,2,16800
1659,1660,125,1,13000
1660,1660,112,1,30400
1661,1661,125,6,13000
1662,1661,159,1,8550
1663,1662,131,3,36900
1664,1662,103,6,133000
1665,1663,151,2,6700
1666,1664,134,1,32600
1667,1665,137,2,14800
1668,1665,104,1,174200
1669,1666,129,2,29400
1670,1666,146,3,47800
1671,1667,138,1,28200
1672,1667,125,1,13000
1673,1667,108,3,29640
1674,1667,148,1,48800
1675,1668,145,1,65000
1676,1669,143,3,30400
1677,1670,104,2,174200
1678,1670,132,1,16800
1679,1670,114,1,17300
1680,1671,154,2,4400
1681,1671,135,2,39200
1682,1671,109,1,133500
1683,1671,152,4,42700
1684,1672,121,3,12400
1685,1672,111,7,20710
1686,1672,133,1,56000
1687,1672,122,1,4770
1688,1673,152,1,42700
1689,1673,156,2,26800
1690,1673,159,5,9000
1691,1674,143,3,27360
1692,1674,139,5,20000
1693,1675,152,2,42700
1694,1675,115,2,27800
1695,1676,154,1,4180
1696,1676,109,2,120150
1697,1676,159,2,9000
1698,1677,105,1,163700
1699,1677,125,2,13000
1700,1678,101,1,35100
1701,1679,128,1,6750
1702,1679,142,1,41200
1703,1680,134,6,32600
1704,1681,114,3,17300
1705,1681,123,1,7100
1706,1681,104,1,174200
1707,1681,143,1,30400
1708,1682,114,1,17300
1709,1682,109,1,133500
1710,1683,129,2,29400
1711,1683,121,8,12400
1712,1683,138,4,28200
1713,1684,136,1,25200
1714,1684,141,2,66200
1715,1685,126,1,16700
1716,1686,156,2,26800
1717,1687,125,2,13000
1718,1688,154,1,4400
1719,1688,121,3,12400
1720,1688,106,1,150600
1721,1688,123,1,7100
1722,1689,131,1,36900
1723,1689,142,2,41200
1724,1690,123,1,7100
1725,1690,101,1,35100
1726,1691,116,1,18800
1727,1691,129,2,29400
1728,1692,126,1,16700
1729,1692,157,1,10080
1730,1693,148,1,48800
1731,1693,125,1,11700
1732,1694,152,2,42700
1733,1694,124,6,3500
1734,1694,142,2,41200
1735,1695,156,2,24120
1736,1695,135,3,39200
1737,1695,148,1,48800
1738,1696,153,1,53400
1739,1696,129,1,29400
1740,1697,109,2,126820
1741,1697,114,2,17300
1742,1698,111,2,21800
1743,1698,114,1,17300
1744,1698,125,8,13000
1745,1699,123,3,7100
1746,1699,126,2,16700
1747,1700,149,2,68210
1748,1700,108,1,31200
1749,1700,107,1,154100
1750,1701,156,2,26800
1751,1701,126,1,16700
1752,1702,125,1,12350
1753,1702,146,3,47800
1754,1703,125,7,12350
1755,1704,125,1,13000
1756,1704,102,1,110500
1757,1704,134,1,32600
1758,1705,119,1,28000
1759,1705,101,1,35100
1760,1705,107,3,154100
1761,1705,145,2,65000
1762,1706,155,2,65170
1763,1706,156,1,26800
1764,1707,135,4,37240
1765,1707,153,1,53400
1766,1708,115,1,27800
1767,1708,137,1,14800
1768,1708,153,1,53400
1769,1708,152,1,42700
1770,1709,125,2,13000
1771,1709,145,1,65000
1772,1709,147,8,74000
1773,1709,115,1,27800
1774,1710,135,2,39200
1775,1710,106,2,150600
1776,1711,125,2,13000
1777,1711,123,3,7100
1778,1711,134,1,32600
1779,1711,128,1,7500
1780,1712,137,1,14800
1781,1712,128,2,7500
1782,1713,119,1,28000
1783,1713,144,2,43800
1784,1714,124,1,3500
1785,1714,146,1,47800
1786,1715,122,1,5300
1787,1715,156,2,26800
1788,1715,107,2,154100
1789,1715,124,3,3500
1790,1716,146,2,47800
1791,1716,134,2,32600
1792,1717,114,3,17300
1793,1717,125,1,12350
1794,1717,146,2,47800
1795,1718,106,1,150600
1796,1718,129,6,29400
1797,1719,134,1,32600
1798,1719,159,1,8550
1799,1719,129,8,29400
1800,1719,143,3,30400
1801,1720,122,3,5300
1802,1720,153,1,53400
1803,1721,112,2,30400
1804,1721,125,4,13000
1805,1722,107,1,154100
1806,1723,108,1,29640
1807,1723,125,4,13000
1808,1724,103,1,133000
1809,1725,107,2,146400
1810,1725,147,1,74000
1811,1726,152,2,42700
1812,1726,141,1,66200
1813,1726,101,2,35100
1814,1726,123,1,7100
1815,1727,107,1,154100
1816,1727,117,1,31700
1817,1728,144,2,43800
1818,1728,145,1,65000
1819,1729,101,2,35100
1820,1729,109,2,133500
1821,1729,127,2,5300
1822,1729,103,3,133000
1823,1730,132,1,16800
1824,1730,152,1,40560
1825,1731,143,2,30400
1826,1731,144,1,43800
1827,1731,159,1,9000
1828,1732,126,1,16700
1829,1732,108,5,31200
1830,1733,121,2,12400
1831,1733,113,1,74700
1832,1734,156,3,26800
1833,1734,152,1,42700
1834,1735,138,1,25380
1835,1735,123,1,7100
1836,1736,114,2,17300
1837,1736,118,1,71630
1838,1736,144,1,43800
1839,1737,152,1,42700
1840,1737,103,2,133000
1841,1737,156,2,26800
1842,1738,135,1,39200
1843,1738,111,1,21800
1844,1739,128,3,7500
1845,1739,129,3,29400
1846,1739,152,1,42700
1847,1740,132,1,16800
1848,1740,126,1,16700
1849,1740,108,1,31200
1850,1740,127,1,5300
1851,1740,125,1,13000
1852,1741,103,1,133000
1853,1741,125,1,13000
1854,1741,119,1,28000
1855,1742,121,1,12400
1856,1743,132,1,16800
1857,1743,128,3,7500
1858,1744,108,2,31200
1859,1744,157,1,11200
1860,1745,125,1,13000
1861,1745,152,2,42700
1862,1746,125,1,13000
1863,1746,122,3,5300
1864,1746,124,1,3500
1865,1747,113,1,74700
1866,1748,121,2,12400
1867,1748,148,2,48800
1868,1749,106,2,150600
1869,1749,115,1,27800
1870,1749,121,3,12400
1871,1750,117,1,31700
1872,1750,133,1,56000
1873,1751,107,1,154100
1874,1751,109,1,133500
1875,1751,145,1,65000
1876,1751,121,1,12400
1877,1752,118,2,75400
1878,1752,101,3,35100
1879,1752,147,3,74000
1880,1753,125,1,13000
1881,1753,126,5,16700
1882,1753,118,3,75400
1883,1753,143,1,30400
1884,1754,122,4,5300
1885,1754,129,2,29400
1886,1755,121,2,11160
1887,1755,103,3,126350
1888,1755,105,4,163700
1889,1756,145,1,65000
1890,1756,125,2,12350
1891,1757,125,3,13000
1892,1757,147,2,74000
1893,1757,144,7,43800
1894,1758,115,1,27800
1895,1758,114,2,17300
1896,1758,141,3,66200
1897,1759,146,3,47800
1898,1759,112,4,30400
1899,1759,109,1,133500
1900,1759,101,1,35100
1901,1760,156,1,26800
1902,1761,154,1,4400
1903,1761,125,2,13000
1904,1762,125,1,13000
1905,1763,149,1,71800
1906,1763,106,1,150600
1907,1763,112,1,30400
1908,1763,156,2,26800
1909,1764,116,1,17860
1910,1765,124,1,3500
1911,1766,152,4,40560
1912,1766,125,1,13000
1913,1766,149,3,64620
1914,1767,111,1,21800
1915,1767,101,6,35100
1916,1768,141,1,66200
1917,1768,122,4,5300
1918,1769,148,1,48800
1919,1769,111,2,21800
1920,1769,153,1,53400
1921,1770,121,1,12400
1922,1770,154,2,4400
1923,1770,101,6,31590
1924,1770,152,1,42700
1925,1771,152,1,42700
1926,1772,138,2,28200
1927,1772,121,2,12400
1928,1772,126,3,16700
1929,1772,156,1,26800
1930,1773,114,3,15570
1931,1773,105,2,163700
1932,1773,107,1,154100
1933,1774,127,1,5300
1934,1775,121,2,12400
1935,1775,125,2,13000
1936,1776,147,3,74000
1937,1776,158,1,29500
1938,1776,101,1,35100
1939,1777,158,1,29500
1940,1777,124,2,3500
1941,1778,127,1,5300
1942,1778,121,1,11780
1943,1778,159,1,9000
1944,1779,125,4,13000
1945,1779,101,2,35100
1946,1779,133,1,56000
1947,1780,156,4,26800
1948,1781,151,1,6700
1949,1781,153,1,53400
1950,1782,127,1,5300
1951,1782,147,2,74000
1952,1782,129,1,29400
1953,1783,138,2,28200
1954,1783,152,1,42700
1955,1783,114,8,17300
1956,1784,154,3,4400
1957,1785,107,2,154100
1958,1785,156,2,26800
1959,1785,101,8,35100
1960,1786,126,4,16700
1961,1786,108,1,31200
1962,1787,134,4,32600
1963,1787,115,2,27800
1964,1787,122,1,5300
1965,1788,118,2,75400
1966,1788,121,1,12400
1967,1788,141,2,66200
1968,1788,128,2,7500
1969,1789,152,1,42700
1970,1790,116,1,18800
1971,1790,137,1,14800
1972,1791,127,4,5300
1973,1791,105,3,163700
1974,1792,143,5,30400
1975,1792,125,2,13000
1976,1793,115,1,27800
1977,1794,158,3,29500
1978,1794,105,2,163700
1979,1795,107,2,154100
1980,1795,147,2,74000
1981,1796,123,4,7100
1982,1796,135,2,39200
1983,1796,134,3,32600
1984,1797,124,3,3500
1985,1797,145,4,65000
1986,1797,121,2,12400
1987,1798,101,7,33340
1988,1798,133,2,56000
1989,1799,116,1,18800
1990,1799,151,8,6700
1991,1799,121,2,12400
1992,1800,129,2,29400
1993,1801,145,1,61750
1994,1801,147,2,74000
1995,1802,114,1,17300
1996,1802,152,1,42700
1997,1802,106,1,150600
1998,1802,143,2,30400
1999,1803,121,2,12400
2000,1803,107,2,154100
2001,1803,136,1,23940
2002,1804,152,1,42700
2003,1805,107,3,154100
2004,1805,125,4,13000
2005,1805,152,3,42700
2006,1806,108,1,31200
2007,1807,143,1,30400
2008,1807,114,1,17300
2009,1808,152,1,42700
2010,1809,159,1,9000
2011,1810,124,1,3500
2012,1810,132,3,16800
2013,1810,154,3,4400
2014,1811,128,3,7500
2015,1811,105,2,155520
2016,1811,143,1,30400
2017,1812,114,4,17300
2018,1812,123,1,7100
2019,1813,126,4,15860
2020,1813,125,1,13000
2021,1813,138,1,28200
2022,1814,103,2,133000
2023,1815,143,4,30400
2024,1815,142,1,41200
2025,1815,126,1,16700
2026,1816,152,1,42700
2027,1817,142,5,41200
2028,1817,121,1,12400
2029,1818,135,2,39200
2030,1818,127,2,5300
2031,1819,111,1,21800
2032,1819,141,4,66200
2033,1819,126,2,16700
2034,1820,121,2,12400
2035,1820,106,1,150600
2036,1821,114,2,17300
2037,1821,159,5,9000
2038,1821,138,7,25380
2039,1822,157,7,11200
2040,1822,127,1,5300
2041,1822,101,1,35100
2042,1822,124,3,3500
2043,1823,128,1,7500
2044,1823,153,1,48060
2045,1823,142,1,41200
2046,1824,121,1,12400
2047,1824,107,3,154100
2048,1824,128,2,7500
2049,1825,125,1,13000
2050,1825,105,1,163700
2051,1825,129,3,29400
2052,1826,147,1,74000
2053,1826,154,1,4400
2054,1826,141,2,66200
2055,1827,126,1,16700
2056,1827,107,1,138690
2057,1827,119,1,28000
2058,1828,121,1,12400
2059,1828,126,1,16700
2060,1828,147,2,74000
2061,1828,112,1,28880
2062,1829,121,3,12400
2063,1829,118,2,75400
2064,1830,126,1,16700
2065,1830,142,1,41200
2066,1830,101,2,35100
2067,1831,101,1,35100
2068,1831,123,3,7100
2069,1831,154,1,4400
2070,1832,155,2,68600
2071,1832,122,3,5300
2072,1833,143,3,30400
2073,1833,154,8,4400
2074,1833,114,1,17300
2075,1833,156,1,26800
2076,1834,101,1,35100
2077,1834,145,1,65000
2078,1834,107,2,154100
2079,1834,143,2,30400
2080,1835,114,1,17300
2081,1835,152,1,42700
2082,1835,111,2,20710
2083,1836,105,2,163700
2084,1836,111,2,21800
2085,1836,151,2,6030
2086,1837,145,6,65000
2087,1837,143,3,30400
2088,1837,101,2,35100
2089,1838,107,1,154100
2090,1838,118,1,75400
2091,1839,102,1,110500
2092,1839,113,5,74700
2093,1839,126,2,16700
2094,1840,156,1,26800
2095,1840,121,3,12400
2096,1840,106,1,150600
2097,1841,127,3,5300
2098,1841,102,1,110500
2099,1842,125,2,13000
2100,1843,119,1,28000
2101,1843,159,1,9000
2102,1843,125,4,13000
2103,1844,152,1,42700
2104,1844,121,2,12400
2105,1844,101,3,35100
2106,1845,156,1,26800
2107,1845,122,1,5300
2108,1845,121,1,12400
2109,1846,107,2,154100
2110,1846,111,2,21800
2111,1847,122,1,5300
2112,1847,136,2,22680
2113,1847,108,3,31200
2114,1847,106,1,150600
2115,1847,105,6,163700
2116,1848,138,1,28200
2117,1848,114,1,17300
2118,1848,144,1,43800
2119,1848,127,3,5300
2120,1849,143,2,27360
2121,1849,152,3,42700
2122,1850,103,1,133000
2123,1851,156,3,26800
2124,1851,114,1,17300
2125,1851,102,1,110500
2126,1851,133,1,56000
2127,1852,122,3,5300
2128,1852,128,4,7500
2129,1852,135,1,39200
2130,1852,143,1,30400
2131,1853,129,2,29400
2132,1853,159,8,9000
2133,1853,121,3,12400
2134,1854,153,1,53400
2135,1854,102,4,110500
2136,1855,138,4,26790
2137,1855,157,8,11200
2138,1855,117,1,31700
2139,1856,158,7,29500
2140,1856,153,6,53400
2141,1857,114,4,17300
2142,1857,159,1,8100
2143,1857,121,1,12400
2144,1858,154,7,4400
2145,1858,121,3,12400
2146,1859,146,2,47800
2147,1859,122,1,5300
2148,1859,118,1,75400
2149,1860,117,1,30120
2150,1860,126,2,16700
2151,1860,105,1,163700
2152,1860,148,1,48800
2153,1861,102,2,110500
2154,1861,129,2,26460
2155,1861,157,2,10080
2156,1862,143,2,30400
2157,1862,103,1,133000
2158,1862,123,1,7100
2159,1862,138,2,28200
2160,1863,152,4,42700
2161,1863,123,2,7100
2162,1863,125,2,13000
2163,1864,152,1,42700
2164,1865,151,1,6700
2165,1865,114,1,16440
2166,1865,123,1,6740
2167,1866,119,3,26600
2168,1866,143,5,30400
2169,1867,145,2,65000
2170,1868,157,1,11200
2171,1868,127,1,5300
2172,1868,143,2,30400
2173,1869,107,2,154100
2174,1869,143,3,30400
2175,1869,123,2,7100
2176,1869,153,3,53400
2177,1870,121,1,12400
2178,1870,152,3,42700
2179,1871,156,1,26800
2180,1871,108,3,31200
2181,1871,101,1,35100
2182,1871,125,1,13000
2183,1872,125,1,13000
2184,1872,141,2,66200
2185,1873,126,4,16700
2186,1873,125,1,13000
2187,1873,107,2,154100
2188,1874,119,1,28000
2189,1874,121,1,12400
2190,1875,112,3,30400
2191,1875,156,3,26800
2192,1876,114,2,17300
2193,1876,121,2,12400
2194,1877,154,1,4400
2195,1877,142,1,41200
2196,1877,129,1,29400
2197,1878,126,2,15860
2198,1878,124,2,3500
2199,1878,154,3,3960
2200,1879,109,2,133500
2201,1879,101,1,35100
2202,1879,122,1,5300
2203,1880,107,1,154100
2204,1880,156,2,26800
2205,1880,132,2,16800
2206,1881,115,8,26410
2207,1881,108,4,31200
2208,1881,117,1,31700
2209,1882,117,2,31700
2210,1882,156,1,24120
2211,1882,124,2,3500
2212,1883,117,2,31700
2213,1883,143,1,30400
2214,1884,101,1,35100
2215,1884,118,1,67860
2216,1884,129,1,29400
2217,1884,132,1,16800
2218,1885,103,1,133000
2219,1885,121,2,11160
2220,1885,102,1,110500
2221,1885,125,1,13000
2222,1886,127,6,5300
2223,1887,101,4,35100
2224,1888,106,1,150600
2225,1889,121,1,12400
2226,1889,126,1,16700
2227,1890,101,1,35100
2228,1891,103,1,133000
2229,1891,152,7,42700
2230,1891,126,1,16700
2231,1892,144,1,43800
2232,1893,121,1,12400
2233,1893,138,2,28200
2234,1894,105,3,163700
2235,1894,122,2,5300
2236,1895,141,2,66200
2237,1895,108,3,31200
2238,1895,129,5,29400
2239,1895,115,1,27800
2240,1896,143,1,30400
2241,1896,141,1,66200
2242,1897,146,1,43020
2243,1897,137,2,14800
2244,1898,156,2,26800
2245,1898,153,6,53400
2246,1898,114,2,17300
2247,1899,114,1,15570
2248,1900,115,3,27800
2249,1900,113,2,74700
2250,1900,156,8,26800
